id,material,tier,claim,recorded_value,unit,recomputed_value,status,tolerance,method,files
K01,KV[Cr(CN)6],A,"Relaxed cubic lattice constant of the ideal anhydrous crystal (exp. 10.55 A, hydrated powder)",10.680,A,10.680,PASS,0.002,"QE 7.5, PBE+U (ortho-atomic, U_V = U_Cr = 3 eV), PseudoDojo NC, 110 Ry, vc-relax",materials/KV_Cr_CN6/runs/A_pbeu_relax_scf_nscf_Ugrid/KVCr_vcrelax.out
K02,KV[Cr(CN)6],A,Net spin moment of the ideal crystal (zero = fully compensated),0.000,Bohr mag/cell,-0.000,PASS,0.01,"QE 7.5, PBE+U (ortho-atomic, U_V = U_Cr = 3 eV), PseudoDojo NC, 110 Ry, scf 5x5x5",materials/KV_Cr_CN6/runs/A_pbeu_relax_scf_nscf_Ugrid/KVCr_LCM.out
K03,KV[Cr(CN)6],A,"V moment (N-bound site), integrated in a small sphere: antiparallel to Cr",-2.020,Bohr mag,-2.016,PASS,0.02,"QE 7.5, PBE+U (ortho-atomic, U_V = U_Cr = 3 eV), PseudoDojo NC, 110 Ry",materials/KV_Cr_CN6/runs/A_pbeu_relax_scf_nscf_Ugrid/KVCr_LCM.out
K04,KV[Cr(CN)6],A,"Cr moment (C-bound site), integrated in a small sphere",2.320,Bohr mag,2.318,PASS,0.02,"QE 7.5, PBE+U (ortho-atomic, U_V = U_Cr = 3 eV), PseudoDojo NC, 110 Ry",materials/KV_Cr_CN6/runs/A_pbeu_relax_scf_nscf_Ugrid/KVCr_LCM.out
K05,KV[Cr(CN)6],A,Band gap,1.950,eV,1.953,PASS,0.01,"QE 7.5, PBE+U (ortho-atomic, U_V = U_Cr = 3 eV), PseudoDojo NC, 110 Ry, nscf 8x8x8",materials/KV_Cr_CN6/runs/A_pbeu_relax_scf_nscf_Ugrid/KVCr_LCM_nscf.out
K06,KV[Cr(CN)6],A,Both band edges in the same spin channel (unipolar),yes,bool,yes,PASS,,"QE 7.5, PBE+U (ortho-atomic, U_V = U_Cr = 3 eV), PseudoDojo NC, 110 Ry, nscf 8x8x8",materials/KV_Cr_CN6/runs/A_pbeu_relax_scf_nscf_Ugrid/KVCr_LCM_nscf.out
K07,KV[Cr(CN)6],A,Hole spin window (top of valence band that is 100 % one spin),2.020,eV,2.023,PASS,0.01,"QE 7.5, PBE+U (ortho-atomic, U_V = U_Cr = 3 eV), PseudoDojo NC, 110 Ry, nscf 8x8x8",materials/KV_Cr_CN6/runs/A_pbeu_relax_scf_nscf_Ugrid/KVCr_LCM_nscf.out
K08,KV[Cr(CN)6],A,Electron spin window (bottom of conduction band that is 100 % one spin),1.150,eV,1.146,PASS,0.01,"QE 7.5, PBE+U (ortho-atomic, U_V = U_Cr = 3 eV), PseudoDojo NC, 110 Ry, nscf 8x8x8",materials/KV_Cr_CN6/runs/A_pbeu_relax_scf_nscf_Ugrid/KVCr_LCM_nscf.out
K09,KV[Cr(CN)6],A,"Robust to the Hubbard U choice: smallest hole window over the U grid (U_V, U_Cr in {2,3,4} eV)",1.390,eV,1.387,PASS,0.01,"QE 7.5, PBE+U (ortho-atomic, 5 (U_V, U_Cr) points), PseudoDojo NC, 110 Ry",materials/KV_Cr_CN6/runs/A_pbeu_relax_scf_nscf_Ugrid/KVCr_*_LCM_nscf.out
K10,KV[Cr(CN)6],A,Smallest electron window over the U grid,0.870,eV,0.873,PASS,0.01,as K09,materials/KV_Cr_CN6/runs/A_pbeu_relax_scf_nscf_Ugrid/KVCr_*_LCM_nscf.out
K11,KV[Cr(CN)6],A,Unipolar at all five U points,yes,bool,yes,PASS,,as K09,materials/KV_Cr_CN6/runs/A_pbeu_relax_scf_nscf_Ugrid/KVCr_*_LCM_nscf.out
K12,KV[Cr(CN)6],A,Compensated state is far below the ferromagnet: E(FM) - E(compensated) per magnetic ion,152.2,meV,152.2,PASS,0.2,"QE 7.5, PBE+U (ortho-atomic, U_V = U_Cr = 3 eV), PseudoDojo NC, 110 Ry",materials/KV_Cr_CN6/runs/A_pbeu_relax_scf_nscf_Ugrid/KVCr_LCM.out; materials/KV_Cr_CN6/runs/A_pbeu_relax_scf_nscf_Ugrid/KVCr_FM.out
K13,KV[Cr(CN)6],A,HSE06: net spin moment,0.000,Bohr mag/cell,-0.000,PASS,0.01,"QE 7.5, HSE06 (no U), 90 Ry, q-mesh 2x2x2, k 4x4x4",materials/KV_Cr_CN6/runs/C_hse06_ideal_LCM/hse_lcm.out
K14,KV[Cr(CN)6],A,HSE06: band gap,2.090,eV,2.091,PASS,0.01,"QE 7.5, HSE06 (no U), 90 Ry, q-mesh 2x2x2, k 4x4x4",materials/KV_Cr_CN6/runs/C_hse06_ideal_LCM/hse_lcm.out
K15,KV[Cr(CN)6],A,HSE06: unipolar band edges,yes,bool,yes,PASS,,"QE 7.5, HSE06 (no U), 90 Ry, q-mesh 2x2x2, k 4x4x4",materials/KV_Cr_CN6/runs/C_hse06_ideal_LCM/hse_lcm.out
K16,KV[Cr(CN)6],A,HSE06: hole spin window,2.640,eV,2.636,PASS,0.01,"QE 7.5, HSE06 (no U), 90 Ry, q-mesh 2x2x2, k 4x4x4",materials/KV_Cr_CN6/runs/C_hse06_ideal_LCM/hse_lcm.out
K17,KV[Cr(CN)6],A,HSE06: electron spin window,1.570,eV,1.567,PASS,0.01,"QE 7.5, HSE06 (no U), 90 Ry, q-mesh 2x2x2, k 4x4x4",materials/KV_Cr_CN6/runs/C_hse06_ideal_LCM/hse_lcm.out
K18,KV[Cr(CN)6],A,"HSE06: E(FM, moment fixed at 6) - E(compensated) per magnetic ion",181.1,meV,181.1,PASS,0.2,"QE 7.5, HSE06 (no U), 90 Ry, q-mesh 2x2x2, k 4x4x4",materials/KV_Cr_CN6/runs/C_hse06_ideal_LCM/hse_lcm.out; materials/KV_Cr_CN6/runs/D_hse06_ideal_FM_fixed_moment/KVCr_hse_FMfix.out
K19,KV[Cr(CN)6],A,"HSE06, dihydrate KV[Cr(CN)6]*2H2O (one water arrangement), agents' run stopped after 12 exact-exchange cycles, before converging: hole window (superseded by K19b)",2.430,eV,2.432,PASS,0.01,"QE 7.5, HSE06 (no U), 90 Ry, q-mesh 1, k-spacing 0.30/A",materials/KV_Cr_CN6/runs/F_hse06_dihydrate_LCM/hse_lcm.out
K20,KV[Cr(CN)6],A,"HSE06, dihydrate, same stopped run: electron window (superseded by K20b)",1.420,eV,1.415,PASS,0.01,as K19,materials/KV_Cr_CN6/runs/F_hse06_dihydrate_LCM/hse_lcm.out
K19b,KV[Cr(CN)6],A,"HSE06, dihydrate, the same input carried to convergence (41 exact-exchange cycles; the first 12 reproduce K19's run digit for digit): hole window",2.310,eV,2.314,PASS,0.01,"as K19, converged ('!!' energy, dexx 2e-7 Ry)",materials/KV_Cr_CN6/runs/F2_hse06_dihydrate_LCM_converged/hse_lcm.out
K20b,KV[Cr(CN)6],A,"HSE06, dihydrate, converged: electron window (both edges still in the same spin channel)",1.400,eV,1.400,PASS,0.01,as K19b,materials/KV_Cr_CN6/runs/F2_hse06_dihydrate_LCM_converged/hse_lcm.out
K21,KV[Cr(CN)6],A,"PBE+U, same dihydrate: hole window collapses (methods disagree about water)",0.930,eV,0.929,PASS,0.01,"QE 7.5, PBE+U (ortho-atomic, U_V = U_Cr = 3 eV), PseudoDojo NC, 110 Ry, nscf 6x6x6",materials/KV_Cr_CN6/runs/G_pbeu_dihydrate/KVCr_2H2O_LCM_nscf.out
K22,KV[Cr(CN)6],A,"HSE06, water-filled [Cr(CN)6] vacancy (65-atom cell): net moment = -3 (composition, not symmetry, sets the moment)",-3.000,Bohr mag/cell,-3.000,PASS,0.01,"QE 7.5, HSE06 (no U), 90 Ry, q-mesh 1",materials/KV_Cr_CN6/runs/H_hse06_vacancy_with_water/hse_lcm.out
K23,KV[Cr(CN)6],A,"HSE06, water-filled vacancy: electron window (in-cell)",0.740,eV,0.737,PASS,0.01,as K22,materials/KV_Cr_CN6/runs/H_hse06_vacancy_with_water/hse_lcm.out
K24,KV[Cr(CN)6],A,"HSE06, water-filled vacancy: hole window (in-cell)",2.800,eV,2.803,PASS,0.01,as K22,materials/KV_Cr_CN6/runs/H_hse06_vacancy_with_water/hse_lcm.out
K25,KV[Cr(CN)6],A,"PBE+U, V/Cr antisite pair (60-atom cell): moment stays 0 ...",0.000,Bohr mag/cell,0.000,PASS,0.01,"QE 7.5, PBE+U (ortho-atomic, U_V = U_Cr = 3 eV), PseudoDojo NC, 110 Ry",materials/KV_Cr_CN6/runs/K_pbeu_defect_antisite_pair/KVCr_AS_lcm.out
K26,KV[Cr(CN)6],A,... but the hole window shrinks to (in-cell; 0.13 eV after alignment to the host),0.230,eV,0.229,PASS,0.01,"QE 7.5, PBE+U (ortho-atomic, U_V = U_Cr = 3 eV), PseudoDojo NC, 110 Ry, nscf 4x4x4",materials/KV_Cr_CN6/runs/K_pbeu_defect_antisite_pair/KVCr_AS_lcm_nscf.out
K27,KV[Cr(CN)6],A,"Control, same-element Cr[Cr(CN)6] (HSE06): edges in opposite spins (bipolar) ...",no,bool,no,PASS,,"QE 7.5, HSE06 (no U), 90 Ry, q-mesh 2x2x2, k 4x4x4",materials/KV_Cr_CN6/runs/Q_hse06_control_CrCr_same_element/hse_lcm.out
K28,KV[Cr(CN)6],A,... with a tiny hole window (why two different metals matter),0.100,eV,0.105,PASS,0.01,"QE 7.5, HSE06 (no U), 90 Ry, q-mesh 2x2x2, k 4x4x4",materials/KV_Cr_CN6/runs/Q_hse06_control_CrCr_same_element/hse_lcm.out
K29,KV[Cr(CN)6],B,"Spin space group of the ideal crystal (findspingroup): compensated ferrimagnet, Zeeman-type (s-wave) splitting",216.216.1.1.L,label,216.216.1.1.L,PASS,,findspingroup on the relaxed P1 cell,materials/KV_Cr_CN6/analysis_data/pba_spingroup_check.txt
K30,KV[Cr(CN)6],E,"Measured magnetic ordering temperature of KV[Cr(CN)6]*2H2O (Holmes & Girolami, JACS 121, 5593 (1999))",376,K,-,n/a,,"experiment (SQUID magnetometry, hydrated powder)",literature
K31,KV[Cr(CN)6],E,Measured saturation moment at 5 K (expected 0 for perfect stoichiometry),0.125,Bohr mag/f.u.,-,n/a,,"experiment (Holmes & Girolami 1999, via Verdaguer & Girolami 2005 review)",literature
Y01,YBaMnFeO5,A,"Relaxed cell, rock-salt-ordered P4/n: a",5.665,A,5.665,PASS,0.001,"QE 7.5, PBE+U (ortho-atomic, U_Mn = U_Fe = 4 eV), PseudoDojo NC, 110 Ry, vc-relax, G-type",materials/YBaMnFeO5/runs/A_pbeu_vcrelax_110Ry/vc110.out
Y02,YBaMnFeO5,A,Relaxed cell: c,7.689,A,7.689,PASS,0.001,as Y01,materials/YBaMnFeO5/runs/A_pbeu_vcrelax_110Ry/vc110.out
Y03,YBaMnFeO5,A,Net spin moment of the G-type compensated state,0.000,Bohr mag/cell,0.000,PASS,0.01,"QE 7.5, PBE+U (ortho-atomic, U_Mn = U_Fe = 4 eV), PseudoDojo NC, 90 Ry, 36-atom cell",materials/YBaMnFeO5/runs/H_pbeu_stacking_vs_U/U44_G/single.out
Y04,YBaMnFeO5,A,"Mn moment (sphere-integrated); Fe moment is about -3.7, antiparallel",4.000,Bohr mag,4.004,PASS,0.02,as Y03,materials/YBaMnFeO5/runs/H_pbeu_stacking_vs_U/U44_G/single.out
Y05,YBaMnFeO5,A,"Closest competing magnetic order (spin flip across the Y layer) above the ground state, U = 4 eV",8.900,meV/mag. ion,8.881,PASS,0.1,as Y03,materials/YBaMnFeO5/runs/H_pbeu_stacking_vs_U/U44_G/single.out; materials/YBaMnFeO5/runs/H_pbeu_stacking_vs_U/U44_Yflip/single.out
Y06,YBaMnFeO5,A,Same competitor at U = 0 eV,16.400,meV/mag. ion,16.369,PASS,0.1,"as Y03, U = 0",materials/YBaMnFeO5/runs/H_pbeu_stacking_vs_U/U00_*
Y07,YBaMnFeO5,A,Same competitor at U = 6 eV (smallest margin in the U scan),7.000,meV/mag. ion,6.978,PASS,0.1,"as Y03, U = 6",materials/YBaMnFeO5/runs/H_pbeu_stacking_vs_U/U66_*
Y08,YBaMnFeO5,A,"Ferromagnet above the ground state, U = 4 eV (72-atom cell, 75 Ry)",199.8,meV/mag. ion,199.8,PASS,0.2,"QE 7.5, PBE+U (ortho-atomic, U_Mn = U_Fe = 4 eV), PseudoDojo NC, 75 Ry, 72-atom cell (new number; dossier range +160 to +330 over U = 0-6 eV)",materials/YBaMnFeO5/runs/D_pbeu_72atom_G_FM_and_spin_flips/YBMFO110_snap_G.out; materials/YBaMnFeO5/runs/D_pbeu_72atom_G_FM_and_spin_flips/YBMFO110_snap_FM.out
Y09,YBaMnFeO5,A,HSE06: competitor (Y-layer flip) above the ground state,8.500,meV/mag. ion,8.528,PASS,0.1,"QE 7.5, HSE06 (no U), 75 Ry on the 110-Ry geometry, q-mesh 2x2x1",materials/YBaMnFeO5/runs/B_hse06_G_type_LCM/hse_lcm.out; materials/YBaMnFeO5/runs/C_hse06_Yflip_competitor/hse_lcm.out
Y10,YBaMnFeO5,A,HSE06: band gap,2.350,eV,2.351,PASS,0.01,"QE 7.5, HSE06 (no U), 75 Ry on the 110-Ry geometry, q-mesh 2x2x1",materials/YBaMnFeO5/runs/B_hse06_G_type_LCM/hse_lcm.out
Y11,YBaMnFeO5,A,HSE06: unipolar band edges,yes,bool,yes,PASS,,"QE 7.5, HSE06 (no U), 75 Ry on the 110-Ry geometry, q-mesh 2x2x1",materials/YBaMnFeO5/runs/B_hse06_G_type_LCM/hse_lcm.out
Y12,YBaMnFeO5,A,HSE06: hole spin window,1.000,eV,0.995,PASS,0.01,"QE 7.5, HSE06 (no U), 75 Ry on the 110-Ry geometry, q-mesh 2x2x1",materials/YBaMnFeO5/runs/B_hse06_G_type_LCM/hse_lcm.out
Y13,YBaMnFeO5,A,HSE06: electron spin window,1.400,eV,1.398,PASS,0.01,"QE 7.5, HSE06 (no U), 75 Ry on the 110-Ry geometry, q-mesh 2x2x1",materials/YBaMnFeO5/runs/B_hse06_G_type_LCM/hse_lcm.out
Y14,YBaMnFeO5,A,PBE+U band gap (72-atom cell),1.400,eV,1.401,PASS,0.01,"QE 7.5, PBE+U (ortho-atomic, U_Mn = U_Fe = 4 eV), PseudoDojo NC, 75 Ry on the 110-Ry geometry, nscf",materials/YBaMnFeO5/runs/D_pbeu_72atom_G_FM_and_spin_flips/YBMFO110_snap_G_nscf.out
Y15,YBaMnFeO5,A,PBE+U windows: hole,0.450,eV,0.445,PASS,0.01,as Y14,materials/YBaMnFeO5/runs/D_pbeu_72atom_G_FM_and_spin_flips/YBMFO110_snap_G_nscf.out
Y16,YBaMnFeO5,A,PBE+U windows: electron,1.430,eV,1.432,PASS,0.01,as Y14,materials/YBaMnFeO5/runs/D_pbeu_72atom_G_FM_and_spin_flips/YBMFO110_snap_G_nscf.out
Y17,YBaMnFeO5,A,"Worst-case spin disorder (2 of 16 spins flipped): electron edge keeps its spin, window",0.155,eV,0.155,PASS,0.005,as Y14,materials/YBaMnFeO5/runs/D_pbeu_72atom_G_FM_and_spin_flips/YBMFO110_snap_flip2far_nscf.out
Y18,YBaMnFeO5,A,... while the hole edge switches to the other spin (holes need good magnetic order),no,bool,no,PASS,,as Y14,materials/YBaMnFeO5/runs/D_pbeu_72atom_G_FM_and_spin_flips/YBMFO110_snap_flip2far_nscf.out
Y19,YBaMnFeO5,A,"One neighbouring Mn/Fe swap (12.5 % of sites, 72-atom cell): gap of the other spin channel collapses (dense grid)",0.010,eV,0.011,PASS,0.005,"QE 7.5, PBE+U (ortho-atomic, U_Mn = U_Fe = 4 eV), PseudoDojo NC, 75 Ry, relaxed defect cell, nscf",materials/YBaMnFeO5/runs/F_pbeu_antisite_pair_nearest/YBMFO_antisite_swap_NN_Gsite_nscf.out
Y20,YBaMnFeO5,A,"... same, on the coarser self-consistent grid",0.300,eV,0.300,PASS,0.005,as Y19,materials/YBaMnFeO5/runs/F_pbeu_antisite_pair_nearest/YBMFO_antisite_swap_NN_Gsite.out
Y21,YBaMnFeO5,L2,Exchange fit from 25 raw energies: in-plane Mn-O-Fe coupling J_ip,-32.600,meV,-32.609,PASS,0.1,"least squares, 10 pair classes, 22 'clean' configurations (rerun_fit_and_mc.py)",materials/YBaMnFeO5/exchange_fit_and_Neel_T/rerun_fit_and_mc.py; materials/YBaMnFeO5/runs/I_pbeu_exchange_fit_configs/; materials/YBaMnFeO5/runs/H_pbeu_stacking_vs_U/U44_*
Y22,YBaMnFeO5,L2,"Neel temperature, classical Monte Carlo on the fitted model (Binder crossings, L = 6/8/10)",417,K,414.3,PASS,15,rerun_fit_and_mc.py (full mode),materials/YBaMnFeO5/exchange_fit_and_Neel_T/rerun_fit_and_mc.py; materials/YBaMnFeO5/exchange_fit_and_Neel_T/jfit110/mc_clean_Mle10.5_10.json
Y23,YBaMnFeO5,B,"Calibrated Neel temperature: Y22 x (measured/simulated ratio for YFeO3 with the same protocol, 1.17-1.19)",490,K,489.6,PASS,15,T_MC x mean f_MC(YFeO3); see Neel_T_calibration/,materials/YBaMnFeO5/analysis_data/calibration_summary.json
Y24,YBaMnFeO5,A,"Energy above the 0 K convex hull, as the agents computed it: the 28 competing phases that had finished by then (superseded by Y24b)",2.600,meV/atom,2.610,PASS,0.05,"QE 7.5, PBE+U (ortho-atomic, U_Mn = U_Fe = 4 eV), PseudoDojo NC, 110 Ry vc-relax of every phase; lowest-energy mix at fixed composition (tools/crosscheck_raw.py)",materials/YBaMnFeO5/runs/K_hull_competing_phases_raw/; materials/YBaMnFeO5/analysis_data/hull_QE110.json
Y24b,YBaMnFeO5,A,Energy above the 0 K convex hull with all 33 competing phases that completed (BaFe2O4 and Ba6Y2Fe4O15 finished later and lower the hull; Ba2Fe2O5 never finished),13.700,meV/atom,13.740,PASS,0.05,as Y24,materials/YBaMnFeO5/runs/K_hull_competing_phases_raw/
Y25,YBaMnFeO5,L2,"DECISIVE: Mn/Fe order-disorder temperature from the paramagnetic cluster expansion (C peak, L = 16)",915,K,915.0,PASS,60,"canonical MC of a fitted cluster expansion (21 arrangements, 96 DFT runs); rerun_torder.sh",materials/YBaMnFeO5/cation_order_cluster_expansion/ce2_YBMFO.json; materials/YBaMnFeO5/cation_order_cluster_expansion/torder.py; materials/YBaMnFeO5/cation_order_cluster_expansion/rerun_torder.sh
Y26,YBaMnFeO5,B,Headline order-disorder temperature with uncertainty (bootstrap + model variants),950 (+250/-150),K,950 (+250/-150),PASS,,ord2_summary.json,materials/YBaMnFeO5/cation_order_cluster_expansion/ord2_summary.json
Y27,YBaMnFeO5,E,"Typical synthesis/anneal window for these layered perovskites (900-1300 C); B-site exchange inferred to freeze below ~1150 K (YBaCuFeO5 benchmark: Morin et al., Nat. Commun. 7, 13758 (2016))",1173-1573,K,-,n/a,,literature-based estimate (the 1150 K freeze-out is an analogy from a Cu/Fe compound),literature
