material,run_folder,input,output,calculation,functional,hubbard_U_eV,ecutwfc_Ry,nat,kpoints,q_mesh,energy_eV,total_mag,abs_mag,converged,final_marker,description
KV_Cr_CN6,A_pbeu_relax_scf_nscf_Ugrid,materials/KV_Cr_CN6/runs/A_pbeu_relax_scf_nscf_Ugrid/KVCr_FM.in,materials/KV_Cr_CN6/runs/A_pbeu_relax_scf_nscf_Ugrid/KVCr_FM.out,scf,PBE+U,V=3.0;Cr=3.0,110.0,15,5 5 5 0 0 0,,-7922.098922,6.0,6.26,True,!,"vc-relax of the 15-atom primitive cell (F-43m), then scf (5x5x5) and nscf (8x8x8) of the compensated state, and the FM reference, at the base U (3/3 eV) and on a U grid (2/2, 2/4, 4/2, 4/4 eV)"
KV_Cr_CN6,A_pbeu_relax_scf_nscf_Ugrid,materials/KV_Cr_CN6/runs/A_pbeu_relax_scf_nscf_Ugrid/KVCr_LCM.in,materials/KV_Cr_CN6/runs/A_pbeu_relax_scf_nscf_Ugrid/KVCr_LCM.out,scf,PBE+U,V=3.0;Cr=3.0,110.0,15,5 5 5 0 0 0,,-7922.403400,-0.0,7.07,True,!,"vc-relax of the 15-atom primitive cell (F-43m), then scf (5x5x5) and nscf (8x8x8) of the compensated state, and the FM reference, at the base U (3/3 eV) and on a U grid (2/2, 2/4, 4/2, 4/4 eV)"
KV_Cr_CN6,A_pbeu_relax_scf_nscf_Ugrid,materials/KV_Cr_CN6/runs/A_pbeu_relax_scf_nscf_Ugrid/KVCr_LCM_nscf.in,materials/KV_Cr_CN6/runs/A_pbeu_relax_scf_nscf_Ugrid/KVCr_LCM_nscf.out,nscf,PBE+U,V=3.0;Cr=3.0,110.0,15,8 8 8 0 0 0,,,,,False,,"vc-relax of the 15-atom primitive cell (F-43m), then scf (5x5x5) and nscf (8x8x8) of the compensated state, and the FM reference, at the base U (3/3 eV) and on a U grid (2/2, 2/4, 4/2, 4/4 eV)"
KV_Cr_CN6,A_pbeu_relax_scf_nscf_Ugrid,materials/KV_Cr_CN6/runs/A_pbeu_relax_scf_nscf_Ugrid/KVCr_U2_2_FM.in,materials/KV_Cr_CN6/runs/A_pbeu_relax_scf_nscf_Ugrid/KVCr_U2_2_FM.out,scf,PBE+U,V=2.0;Cr=2.0,110.0,15,5 5 5 0 0 0,,-7923.147805,6.0,6.22,True,!,"vc-relax of the 15-atom primitive cell (F-43m), then scf (5x5x5) and nscf (8x8x8) of the compensated state, and the FM reference, at the base U (3/3 eV) and on a U grid (2/2, 2/4, 4/2, 4/4 eV)"
KV_Cr_CN6,A_pbeu_relax_scf_nscf_Ugrid,materials/KV_Cr_CN6/runs/A_pbeu_relax_scf_nscf_Ugrid/KVCr_U2_2_LCM.in,materials/KV_Cr_CN6/runs/A_pbeu_relax_scf_nscf_Ugrid/KVCr_U2_2_LCM.out,scf,PBE+U,V=2.0;Cr=2.0,110.0,15,5 5 5 0 0 0,,-7923.541067,0.0,6.91,True,!,"vc-relax of the 15-atom primitive cell (F-43m), then scf (5x5x5) and nscf (8x8x8) of the compensated state, and the FM reference, at the base U (3/3 eV) and on a U grid (2/2, 2/4, 4/2, 4/4 eV)"
KV_Cr_CN6,A_pbeu_relax_scf_nscf_Ugrid,materials/KV_Cr_CN6/runs/A_pbeu_relax_scf_nscf_Ugrid/KVCr_U2_2_LCM_nscf.in,materials/KV_Cr_CN6/runs/A_pbeu_relax_scf_nscf_Ugrid/KVCr_U2_2_LCM_nscf.out,nscf,PBE+U,V=2.0;Cr=2.0,110.0,15,8 8 8 0 0 0,,,,,False,,"vc-relax of the 15-atom primitive cell (F-43m), then scf (5x5x5) and nscf (8x8x8) of the compensated state, and the FM reference, at the base U (3/3 eV) and on a U grid (2/2, 2/4, 4/2, 4/4 eV)"
KV_Cr_CN6,A_pbeu_relax_scf_nscf_Ugrid,materials/KV_Cr_CN6/runs/A_pbeu_relax_scf_nscf_Ugrid/KVCr_U2_4_FM.in,materials/KV_Cr_CN6/runs/A_pbeu_relax_scf_nscf_Ugrid/KVCr_U2_4_FM.out,scf,PBE+U,V=2.0;Cr=4.0,110.0,15,5 5 5 0 0 0,,-7921.941902,6.0,6.27,True,!,"vc-relax of the 15-atom primitive cell (F-43m), then scf (5x5x5) and nscf (8x8x8) of the compensated state, and the FM reference, at the base U (3/3 eV) and on a U grid (2/2, 2/4, 4/2, 4/4 eV)"
KV_Cr_CN6,A_pbeu_relax_scf_nscf_Ugrid,materials/KV_Cr_CN6/runs/A_pbeu_relax_scf_nscf_Ugrid/KVCr_U2_4_LCM.in,materials/KV_Cr_CN6/runs/A_pbeu_relax_scf_nscf_Ugrid/KVCr_U2_4_LCM.out,scf,PBE+U,V=2.0;Cr=4.0,110.0,15,5 5 5 0 0 0,,-7922.261569,0.0,7.12,True,!,"vc-relax of the 15-atom primitive cell (F-43m), then scf (5x5x5) and nscf (8x8x8) of the compensated state, and the FM reference, at the base U (3/3 eV) and on a U grid (2/2, 2/4, 4/2, 4/4 eV)"
KV_Cr_CN6,A_pbeu_relax_scf_nscf_Ugrid,materials/KV_Cr_CN6/runs/A_pbeu_relax_scf_nscf_Ugrid/KVCr_U2_4_LCM_nscf.in,materials/KV_Cr_CN6/runs/A_pbeu_relax_scf_nscf_Ugrid/KVCr_U2_4_LCM_nscf.out,nscf,PBE+U,V=2.0;Cr=4.0,110.0,15,8 8 8 0 0 0,,,,,False,,"vc-relax of the 15-atom primitive cell (F-43m), then scf (5x5x5) and nscf (8x8x8) of the compensated state, and the FM reference, at the base U (3/3 eV) and on a U grid (2/2, 2/4, 4/2, 4/4 eV)"
KV_Cr_CN6,A_pbeu_relax_scf_nscf_Ugrid,materials/KV_Cr_CN6/runs/A_pbeu_relax_scf_nscf_Ugrid/KVCr_U4_2_FM.in,materials/KV_Cr_CN6/runs/A_pbeu_relax_scf_nscf_Ugrid/KVCr_U4_2_FM.out,scf,PBE+U,V=4.0;Cr=2.0,110.0,15,5 5 5 0 0 0,,-7922.303231,6.0,6.25,True,!,"vc-relax of the 15-atom primitive cell (F-43m), then scf (5x5x5) and nscf (8x8x8) of the compensated state, and the FM reference, at the base U (3/3 eV) and on a U grid (2/2, 2/4, 4/2, 4/4 eV)"
KV_Cr_CN6,A_pbeu_relax_scf_nscf_Ugrid,materials/KV_Cr_CN6/runs/A_pbeu_relax_scf_nscf_Ugrid/KVCr_U4_2_LCM.in,materials/KV_Cr_CN6/runs/A_pbeu_relax_scf_nscf_Ugrid/KVCr_U4_2_LCM.out,scf,PBE+U,V=4.0;Cr=2.0,110.0,15,5 5 5 0 0 0,,-7922.594543,-0.0,7.03,True,!,"vc-relax of the 15-atom primitive cell (F-43m), then scf (5x5x5) and nscf (8x8x8) of the compensated state, and the FM reference, at the base U (3/3 eV) and on a U grid (2/2, 2/4, 4/2, 4/4 eV)"
KV_Cr_CN6,A_pbeu_relax_scf_nscf_Ugrid,materials/KV_Cr_CN6/runs/A_pbeu_relax_scf_nscf_Ugrid/KVCr_U4_2_LCM_nscf.in,materials/KV_Cr_CN6/runs/A_pbeu_relax_scf_nscf_Ugrid/KVCr_U4_2_LCM_nscf.out,nscf,PBE+U,V=4.0;Cr=2.0,110.0,15,8 8 8 0 0 0,,,,,False,,"vc-relax of the 15-atom primitive cell (F-43m), then scf (5x5x5) and nscf (8x8x8) of the compensated state, and the FM reference, at the base U (3/3 eV) and on a U grid (2/2, 2/4, 4/2, 4/4 eV)"
KV_Cr_CN6,A_pbeu_relax_scf_nscf_Ugrid,materials/KV_Cr_CN6/runs/A_pbeu_relax_scf_nscf_Ugrid/KVCr_U4_4_FM.in,materials/KV_Cr_CN6/runs/A_pbeu_relax_scf_nscf_Ugrid/KVCr_U4_4_FM.out,scf,PBE+U,V=4.0;Cr=4.0,110.0,15,5 5 5 0 0 0,,-7921.095151,6.0,6.31,True,!,"vc-relax of the 15-atom primitive cell (F-43m), then scf (5x5x5) and nscf (8x8x8) of the compensated state, and the FM reference, at the base U (3/3 eV) and on a U grid (2/2, 2/4, 4/2, 4/4 eV)"
KV_Cr_CN6,A_pbeu_relax_scf_nscf_Ugrid,materials/KV_Cr_CN6/runs/A_pbeu_relax_scf_nscf_Ugrid/KVCr_U4_4_LCM.in,materials/KV_Cr_CN6/runs/A_pbeu_relax_scf_nscf_Ugrid/KVCr_U4_4_LCM.out,scf,PBE+U,V=4.0;Cr=4.0,110.0,15,5 5 5 0 0 0,,-7921.339040,0.0,7.18,True,!,"vc-relax of the 15-atom primitive cell (F-43m), then scf (5x5x5) and nscf (8x8x8) of the compensated state, and the FM reference, at the base U (3/3 eV) and on a U grid (2/2, 2/4, 4/2, 4/4 eV)"
KV_Cr_CN6,A_pbeu_relax_scf_nscf_Ugrid,materials/KV_Cr_CN6/runs/A_pbeu_relax_scf_nscf_Ugrid/KVCr_U4_4_LCM_nscf.in,materials/KV_Cr_CN6/runs/A_pbeu_relax_scf_nscf_Ugrid/KVCr_U4_4_LCM_nscf.out,nscf,PBE+U,V=4.0;Cr=4.0,110.0,15,8 8 8 0 0 0,,,,,False,,"vc-relax of the 15-atom primitive cell (F-43m), then scf (5x5x5) and nscf (8x8x8) of the compensated state, and the FM reference, at the base U (3/3 eV) and on a U grid (2/2, 2/4, 4/2, 4/4 eV)"
KV_Cr_CN6,A_pbeu_relax_scf_nscf_Ugrid,materials/KV_Cr_CN6/runs/A_pbeu_relax_scf_nscf_Ugrid/KVCr_vcrelax.in,materials/KV_Cr_CN6/runs/A_pbeu_relax_scf_nscf_Ugrid/KVCr_vcrelax.out.gz,vc-relax,PBE+U,V=3.0;Cr=3.0,110.0,15,5 5 5 0 0 0,,-7922.403414,-0.0,7.07,True,!,"vc-relax of the 15-atom primitive cell (F-43m), then scf (5x5x5) and nscf (8x8x8) of the compensated state, and the FM reference, at the base U (3/3 eV) and on a U grid (2/2, 2/4, 4/2, 4/4 eV)"
KV_Cr_CN6,B_pbeu_FM_fixed_moment,materials/KV_Cr_CN6/runs/B_pbeu_FM_fixed_moment/KVCr_U2_2_FMfix.in,materials/KV_Cr_CN6/runs/B_pbeu_FM_fixed_moment/KVCr_U2_2_FMfix.out,scf,PBE+U,V=2.0;Cr=2.0,110.0,15,5 5 5 0 0 0,,-7923.147804,6.0,6.22,True,!,ferromagnet with the total moment fixed at 6 Bohr magnetons (exchange-energy reference) at each U point
KV_Cr_CN6,B_pbeu_FM_fixed_moment,materials/KV_Cr_CN6/runs/B_pbeu_FM_fixed_moment/KVCr_U2_4_FMfix.in,materials/KV_Cr_CN6/runs/B_pbeu_FM_fixed_moment/KVCr_U2_4_FMfix.out,scf,PBE+U,V=2.0;Cr=4.0,110.0,15,5 5 5 0 0 0,,-7921.941911,6.0,6.27,True,!,ferromagnet with the total moment fixed at 6 Bohr magnetons (exchange-energy reference) at each U point
KV_Cr_CN6,B_pbeu_FM_fixed_moment,materials/KV_Cr_CN6/runs/B_pbeu_FM_fixed_moment/KVCr_U3_3_FMfix.in,materials/KV_Cr_CN6/runs/B_pbeu_FM_fixed_moment/KVCr_U3_3_FMfix.out,scf,PBE+U,V=3.0;Cr=3.0,110.0,15,5 5 5 0 0 0,,-7922.098913,6.0,6.26,True,!,ferromagnet with the total moment fixed at 6 Bohr magnetons (exchange-energy reference) at each U point
KV_Cr_CN6,B_pbeu_FM_fixed_moment,materials/KV_Cr_CN6/runs/B_pbeu_FM_fixed_moment/KVCr_U4_2_FMfix.in,materials/KV_Cr_CN6/runs/B_pbeu_FM_fixed_moment/KVCr_U4_2_FMfix.out,scf,PBE+U,V=4.0;Cr=2.0,110.0,15,5 5 5 0 0 0,,-7922.303235,6.0,6.25,True,!,ferromagnet with the total moment fixed at 6 Bohr magnetons (exchange-energy reference) at each U point
KV_Cr_CN6,B_pbeu_FM_fixed_moment,materials/KV_Cr_CN6/runs/B_pbeu_FM_fixed_moment/KVCr_U4_4_FMfix.in,materials/KV_Cr_CN6/runs/B_pbeu_FM_fixed_moment/KVCr_U4_4_FMfix.out,scf,PBE+U,V=4.0;Cr=4.0,110.0,15,5 5 5 0 0 0,,-7921.095144,6.0,6.31,True,!,ferromagnet with the total moment fixed at 6 Bohr magnetons (exchange-energy reference) at each U point
KV_Cr_CN6,C_hse06_ideal_LCM,materials/KV_Cr_CN6/runs/C_hse06_ideal_LCM/hse_lcm.in,materials/KV_Cr_CN6/runs/C_hse06_ideal_LCM/hse_lcm.out,scf,HSE06,,90.0,15,4 4 4 0 0 0,2x2x2,-7840.410303,-0.0,7.32,True,!!,"HSE06, compensated state of the ideal anhydrous crystal (q-mesh 2x2x2, k 4x4x4)"
KV_Cr_CN6,D_hse06_ideal_FM_fixed_moment,materials/KV_Cr_CN6/runs/D_hse06_ideal_FM_fixed_moment/KVCr_hse_FMfix.in,materials/KV_Cr_CN6/runs/D_hse06_ideal_FM_fixed_moment/KVCr_hse_FMfix.out,scf,HSE06,,90.0,15,4 4 4 0 0 0,2x2x2,-7840.048003,6.0,6.24,True,!!,"HSE06, ferromagnet with the moment fixed at 6 (exchange-energy reference)"
KV_Cr_CN6,E_hse06_ideal_LCM_nq1,materials/KV_Cr_CN6/runs/E_hse06_ideal_LCM_nq1/hse_lcm.in,materials/KV_Cr_CN6/runs/E_hse06_ideal_LCM_nq1/hse_lcm.out.gz,scf,HSE06,,90.0,15,4 4 4 0 0 0,1x1x1,-7840.176934,0.0,7.18,True,!!,"HSE06, ideal crystal with q-mesh 1 (settings matched to the dihydrate run, for a like-for-like comparison)"
KV_Cr_CN6,F_hse06_dihydrate_LCM,materials/KV_Cr_CN6/runs/F_hse06_dihydrate_LCM/hse_lcm.in,materials/KV_Cr_CN6/runs/F_hse06_dihydrate_LCM/hse_lcm.out.gz,scf,HSE06,,90.0,21,4 4 4 0 0 0,1x1x1,-8795.265988,-0.0,7.26,True,!,"HSE06, KV[Cr(CN)6]*2H2O (21-atom cell, one ordered-water arrangement); job stopped after the exact-exchange error plateaued at ~1e-6 Ry; the last complete eigenvalue block is used"
KV_Cr_CN6,G_pbeu_dihydrate,materials/KV_Cr_CN6/runs/G_pbeu_dihydrate/KVCr_2H2O_FM.in,materials/KV_Cr_CN6/runs/G_pbeu_dihydrate/KVCr_2H2O_FM.out,scf,PBE+U,V=3.0;Cr=3.0,110.0,21,3 3 3 0 0 0,,-8886.263538,6.0,6.3,True,!,"PBE+U relax, scf and nscf (6x6x6) of the same dihydrate model"
KV_Cr_CN6,G_pbeu_dihydrate,materials/KV_Cr_CN6/runs/G_pbeu_dihydrate/KVCr_2H2O_LCM.in,materials/KV_Cr_CN6/runs/G_pbeu_dihydrate/KVCr_2H2O_LCM.out,scf,PBE+U,V=3.0;Cr=3.0,110.0,21,3 3 3 0 0 0,,-8886.518869,0.0,7.1,True,!,"PBE+U relax, scf and nscf (6x6x6) of the same dihydrate model"
KV_Cr_CN6,G_pbeu_dihydrate,materials/KV_Cr_CN6/runs/G_pbeu_dihydrate/KVCr_2H2O_LCM_nscf.in,materials/KV_Cr_CN6/runs/G_pbeu_dihydrate/KVCr_2H2O_LCM_nscf.out,nscf,PBE+U,V=3.0;Cr=3.0,110.0,21,6 6 5 0 0 0,,,,,False,,"PBE+U relax, scf and nscf (6x6x6) of the same dihydrate model"
KV_Cr_CN6,G_pbeu_dihydrate,materials/KV_Cr_CN6/runs/G_pbeu_dihydrate/KVCr_2H2O_vcrelax.in,materials/KV_Cr_CN6/runs/G_pbeu_dihydrate/KVCr_2H2O_vcrelax.out.gz,vc-relax,PBE+U,V=3.0;Cr=3.0,110.0,21,3 3 3 0 0 0,,-8886.518872,-0.0,7.1,True,!,"PBE+U relax, scf and nscf (6x6x6) of the same dihydrate model"
KV_Cr_CN6,H_hse06_vacancy_with_water,materials/KV_Cr_CN6/runs/H_hse06_vacancy_with_water/hse_lcm.in,materials/KV_Cr_CN6/runs/H_hse06_vacancy_with_water/hse_lcm.out.gz,scf,HSE06,,90.0,65,2 2 2 0 0 0,1x1x1,-27240.786560,-3.0,25.12,True,!!,"HSE06, 65-atom cell with one [Cr(CN)6] vacancy filled by 6 coordinated + 1 zeolitic water (q-mesh 1, k 2x2x2)"
KV_Cr_CN6,I_pbeu_vacancy_with_water,materials/KV_Cr_CN6/runs/I_pbeu_vacancy_with_water/KVCr_VAC_w1_lcm.in,materials/KV_Cr_CN6/runs/I_pbeu_vacancy_with_water/KVCr_VAC_w1_lcm.out,scf,PBE+U,V=3.0;Cr=3.0,110.0,65,2 2 2 1 1 1,,-27511.379686,-3.0,24.4,True,!,"PBE+U relax, scf and nscf of the same water-filled vacancy cell"
KV_Cr_CN6,I_pbeu_vacancy_with_water,materials/KV_Cr_CN6/runs/I_pbeu_vacancy_with_water/KVCr_VAC_w1_lcm_nscf.in,materials/KV_Cr_CN6/runs/I_pbeu_vacancy_with_water/KVCr_VAC_w1_lcm_nscf.out.gz,nscf,PBE+U,V=3.0;Cr=3.0,110.0,65,4 4 4 0 0 0,,,,,False,,"PBE+U relax, scf and nscf of the same water-filled vacancy cell"
KV_Cr_CN6,I_pbeu_vacancy_with_water,materials/KV_Cr_CN6/runs/I_pbeu_vacancy_with_water/KVCr_VAC_w1_lcm_proj.in,,,PBE,,,,,,,,,,,"PBE+U relax, scf and nscf of the same water-filled vacancy cell"
KV_Cr_CN6,I_pbeu_vacancy_with_water,materials/KV_Cr_CN6/runs/I_pbeu_vacancy_with_water/KVCr_VAC_w1_relax.in,materials/KV_Cr_CN6/runs/I_pbeu_vacancy_with_water/KVCr_VAC_w1_relax.out.gz,relax,PBE+U,V=3.0;Cr=3.0,110.0,65,2 2 2 1 1 1,,-27511.356917,-3.0,24.4,True,!,"PBE+U relax, scf and nscf of the same water-filled vacancy cell"
KV_Cr_CN6,J_pbeu_defect_supercell_pristine,materials/KV_Cr_CN6/runs/J_pbeu_defect_supercell_pristine/KVCr_P_lcm.in,materials/KV_Cr_CN6/runs/J_pbeu_defect_supercell_pristine/KVCr_P_lcm.out,scf,PBE+U,V=3.0;Cr=3.0,110.0,60,2 2 2 1 1 1,,-31689.618523,-0.0,28.29,True,!,60-atom conventional cell without defects (reference for the defect cells)
KV_Cr_CN6,J_pbeu_defect_supercell_pristine,materials/KV_Cr_CN6/runs/J_pbeu_defect_supercell_pristine/KVCr_P_lcm_nscf.in,materials/KV_Cr_CN6/runs/J_pbeu_defect_supercell_pristine/KVCr_P_lcm_nscf.out,nscf,PBE+U,V=3.0;Cr=3.0,110.0,60,4 4 4 0 0 0,,,,,False,,60-atom conventional cell without defects (reference for the defect cells)
KV_Cr_CN6,J_pbeu_defect_supercell_pristine,materials/KV_Cr_CN6/runs/J_pbeu_defect_supercell_pristine/KVCr_P_lcm_proj.in,,,PBE,,,,,,,,,,,60-atom conventional cell without defects (reference for the defect cells)
KV_Cr_CN6,J_pbeu_defect_supercell_pristine,materials/KV_Cr_CN6/runs/J_pbeu_defect_supercell_pristine/KVCr_P_relax.in,materials/KV_Cr_CN6/runs/J_pbeu_defect_supercell_pristine/KVCr_P_relax.out,relax,PBE+U,V=3.0;Cr=3.0,110.0,60,2 2 2 1 1 1,,-31689.618523,-0.0,28.29,True,!,60-atom conventional cell without defects (reference for the defect cells)
KV_Cr_CN6,K_pbeu_defect_antisite_pair,materials/KV_Cr_CN6/runs/K_pbeu_defect_antisite_pair/KVCr_AS_lcm.in,materials/KV_Cr_CN6/runs/K_pbeu_defect_antisite_pair/KVCr_AS_lcm.out,scf,PBE+U,Cr=3.0;V=3.0;Cr1=3.0;V1=3.0,110.0,60,2 2 2 1 1 1,,-31688.691849,0.0,28.1,True,!,one V/Cr antisite pair (the two metals swap places) in the 60-atom cell
KV_Cr_CN6,K_pbeu_defect_antisite_pair,materials/KV_Cr_CN6/runs/K_pbeu_defect_antisite_pair/KVCr_AS_lcm_nscf.in,materials/KV_Cr_CN6/runs/K_pbeu_defect_antisite_pair/KVCr_AS_lcm_nscf.out,nscf,PBE+U,Cr=3.0;V=3.0;Cr1=3.0;V1=3.0,110.0,60,4 4 4 0 0 0,,,,,False,,one V/Cr antisite pair (the two metals swap places) in the 60-atom cell
KV_Cr_CN6,K_pbeu_defect_antisite_pair,materials/KV_Cr_CN6/runs/K_pbeu_defect_antisite_pair/KVCr_AS_lcm_proj.in,,,PBE,,,,,,,,,,,one V/Cr antisite pair (the two metals swap places) in the 60-atom cell
KV_Cr_CN6,K_pbeu_defect_antisite_pair,materials/KV_Cr_CN6/runs/K_pbeu_defect_antisite_pair/KVCr_AS_relax.in,materials/KV_Cr_CN6/runs/K_pbeu_defect_antisite_pair/KVCr_AS_relax.out.gz,relax,PBE+U,Cr=3.0;V=3.0;Cr1=3.0;V1=3.0,110.0,60,2 2 2 1 1 1,,-31688.691886,0.0,28.1,True,!,one V/Cr antisite pair (the two metals swap places) in the 60-atom cell
KV_Cr_CN6,L_pbeu_defect_cyanide_flip,materials/KV_Cr_CN6/runs/L_pbeu_defect_cyanide_flip/KVCr_FLIP_lcm.in,materials/KV_Cr_CN6/runs/L_pbeu_defect_cyanide_flip/KVCr_FLIP_lcm.out,scf,PBE+U,V=3.0;Cr=3.0,110.0,60,2 2 2 1 1 1,,-31689.441636,-0.0,28.24,True,!,one cyanide flipped end-for-end (C and N exchanged)
KV_Cr_CN6,L_pbeu_defect_cyanide_flip,materials/KV_Cr_CN6/runs/L_pbeu_defect_cyanide_flip/KVCr_FLIP_lcm_nscf.in,materials/KV_Cr_CN6/runs/L_pbeu_defect_cyanide_flip/KVCr_FLIP_lcm_nscf.out,nscf,PBE+U,V=3.0;Cr=3.0,110.0,60,4 4 4 0 0 0,,,,,False,,one cyanide flipped end-for-end (C and N exchanged)
KV_Cr_CN6,L_pbeu_defect_cyanide_flip,materials/KV_Cr_CN6/runs/L_pbeu_defect_cyanide_flip/KVCr_FLIP_lcm_proj.in,,,PBE,,,,,,,,,,,one cyanide flipped end-for-end (C and N exchanged)
KV_Cr_CN6,L_pbeu_defect_cyanide_flip,materials/KV_Cr_CN6/runs/L_pbeu_defect_cyanide_flip/KVCr_FLIP_relax.in,materials/KV_Cr_CN6/runs/L_pbeu_defect_cyanide_flip/KVCr_FLIP_relax.out.gz,relax,PBE+U,V=3.0;Cr=3.0,110.0,60,2 2 2 1 1 1,,-31689.441643,0.0,28.24,True,!,one cyanide flipped end-for-end (C and N exchanged)
KV_Cr_CN6,M_pbeu_defect_K_vacancy,materials/KV_Cr_CN6/runs/M_pbeu_defect_K_vacancy/KVCr_KVAC_lcm.in,materials/KV_Cr_CN6/runs/M_pbeu_defect_K_vacancy/KVCr_KVAC_lcm.out,scf,PBE+U,V=3.0;Cr=3.0,110.0,59,2 2 2 1 1 1,,-30868.641985,1.0,27.42,True,!,"one missing K+ ion (leaves a hole, V(II) -> V(III))"
KV_Cr_CN6,M_pbeu_defect_K_vacancy,materials/KV_Cr_CN6/runs/M_pbeu_defect_K_vacancy/KVCr_KVAC_lcm_nscf.in,materials/KV_Cr_CN6/runs/M_pbeu_defect_K_vacancy/KVCr_KVAC_lcm_nscf.out,nscf,PBE+U,V=3.0;Cr=3.0,110.0,59,4 4 4 0 0 0,,,,,False,,"one missing K+ ion (leaves a hole, V(II) -> V(III))"
KV_Cr_CN6,M_pbeu_defect_K_vacancy,materials/KV_Cr_CN6/runs/M_pbeu_defect_K_vacancy/KVCr_KVAC_lcm_proj.in,,,PBE,,,,,,,,,,,"one missing K+ ion (leaves a hole, V(II) -> V(III))"
KV_Cr_CN6,M_pbeu_defect_K_vacancy,materials/KV_Cr_CN6/runs/M_pbeu_defect_K_vacancy/KVCr_KVAC_relax.in,materials/KV_Cr_CN6/runs/M_pbeu_defect_K_vacancy/KVCr_KVAC_relax.out.gz,relax,PBE+U,V=3.0;Cr=3.0,110.0,59,2 2 2 1 1 1,,-30868.642000,1.0,27.42,True,!,"one missing K+ ion (leaves a hole, V(II) -> V(III))"
KV_Cr_CN6,N_pbeu_defect_CrCN6_vacancy,materials/KV_Cr_CN6/runs/N_pbeu_defect_CrCN6_vacancy/KVCr_VAC_r_lcm.in,materials/KV_Cr_CN6/runs/N_pbeu_defect_CrCN6_vacancy/KVCr_VAC_r_lcm.out,scf,PBE+U,V=3.0;Cr=3.0,110.0,62,2 2 2 1 1 1,,-27029.160327,-3.0,24.4,True,!,"one missing [Cr(CN)6] unit, dry (relaxed)"
KV_Cr_CN6,N_pbeu_defect_CrCN6_vacancy,materials/KV_Cr_CN6/runs/N_pbeu_defect_CrCN6_vacancy/KVCr_VAC_r_lcm_nscf.in,materials/KV_Cr_CN6/runs/N_pbeu_defect_CrCN6_vacancy/KVCr_VAC_r_lcm_nscf.out,nscf,PBE+U,V=3.0;Cr=3.0,110.0,62,4 4 4 0 0 0,,,,,False,,"one missing [Cr(CN)6] unit, dry (relaxed)"
KV_Cr_CN6,N_pbeu_defect_CrCN6_vacancy,materials/KV_Cr_CN6/runs/N_pbeu_defect_CrCN6_vacancy/KVCr_VAC_r_lcm_proj.in,,,PBE,,,,,,,,,,,"one missing [Cr(CN)6] unit, dry (relaxed)"
KV_Cr_CN6,O_pbeu_reference_K_H2O,materials/KV_Cr_CN6/runs/O_pbeu_reference_K_H2O/H2O.in,materials/KV_Cr_CN6/runs/O_pbeu_reference_K_H2O/H2O.out,relax,PBE,,110.0,3,1 1 1 0 0 0,,-482.105228,,,True,!,reference energies of bcc K and a water molecule
KV_Cr_CN6,O_pbeu_reference_K_H2O,materials/KV_Cr_CN6/runs/O_pbeu_reference_K_H2O/K_bcc.in,materials/KV_Cr_CN6/runs/O_pbeu_reference_K_H2O/K_bcc.out,vc-relax,PBE,,110.0,1,15 15 15 0 0 0,,-817.839359,,,True,!,reference energies of bcc K and a water molecule
KV_Cr_CN6,P_pbeu_bands_pdos,materials/KV_Cr_CN6/runs/P_pbeu_bands_pdos/KVCr_bp_bands.in,materials/KV_Cr_CN6/runs/P_pbeu_bands_pdos/KVCr_bp_bands.out.gz,bands,PBE+U,V=3.0;Cr=3.0,110.0,15,152,,,,,False,,PBE+U band structure along high-symmetry lines and orbital-projected density of states
KV_Cr_CN6,P_pbeu_bands_pdos,materials/KV_Cr_CN6/runs/P_pbeu_bands_pdos/KVCr_bp_nscf.in,materials/KV_Cr_CN6/runs/P_pbeu_bands_pdos/KVCr_bp_nscf.out,nscf,PBE+U,V=3.0;Cr=3.0,110.0,15,8 8 8 0 0 0,,,,,False,,PBE+U band structure along high-symmetry lines and orbital-projected density of states
KV_Cr_CN6,P_pbeu_bands_pdos,materials/KV_Cr_CN6/runs/P_pbeu_bands_pdos/KVCr_bp_projb.in,,,PBE,,,,,,,,,,,PBE+U band structure along high-symmetry lines and orbital-projected density of states
KV_Cr_CN6,P_pbeu_bands_pdos,materials/KV_Cr_CN6/runs/P_pbeu_bands_pdos/KVCr_bp_projd.in,,,PBE,,,,,,,,,,,PBE+U band structure along high-symmetry lines and orbital-projected density of states
KV_Cr_CN6,P_pbeu_bands_pdos,materials/KV_Cr_CN6/runs/P_pbeu_bands_pdos/KVCr_bp_scf.in,materials/KV_Cr_CN6/runs/P_pbeu_bands_pdos/KVCr_bp_scf.out,scf,PBE+U,V=3.0;Cr=3.0,110.0,15,5 5 5 0 0 0,,-7922.403414,-0.0,7.07,True,!,PBE+U band structure along high-symmetry lines and orbital-projected density of states
KV_Cr_CN6,Q_hse06_control_CrCr_same_element,materials/KV_Cr_CN6/runs/Q_hse06_control_CrCr_same_element/hse_lcm.in,materials/KV_Cr_CN6/runs/Q_hse06_control_CrCr_same_element/hse_lcm.out,scf,HSE06,,90.0,14,4 4 4 0 0 0,2x2x2,-7442.637354,-0.0,7.56,True,!!,"HSE06 control: Cr[Cr(CN)6], the same framework with the same metal on both sites"
YBaMnFeO5,A_pbeu_vcrelax_110Ry,materials/YBaMnFeO5/runs/A_pbeu_vcrelax_110Ry/vc110.in,materials/YBaMnFeO5/runs/A_pbeu_vcrelax_110Ry/vc110.out.gz,vc-relax,PBE+U,Mn=4.0;Fe=4.0,110.0,18,5 5 4 0 0 0,,-21012.968685,0.0,18.59,True,!,vc-relax of the 18-atom rock-salt-ordered P4/n cell (G-type) at 110 Ry
YBaMnFeO5,B_hse06_G_type_LCM,materials/YBaMnFeO5/runs/B_hse06_G_type_LCM/hse_lcm.in,materials/YBaMnFeO5/runs/B_hse06_G_type_LCM/hse_lcm.out.gz,scf,HSE06,,75.0,36,5 5 2 0 0 0,2x2x1,-41519.459645,0.0,37.35,True,!!,"HSE06, G-type compensated ground state (36-atom 1x1x2 cell, q-mesh 2x2x1, k 5x5x2)"
YBaMnFeO5,C_hse06_Yflip_competitor,materials/YBaMnFeO5/runs/C_hse06_Yflip_competitor/hse_lcm.in,materials/YBaMnFeO5/runs/C_hse06_Yflip_competitor/hse_lcm.out.gz,scf,HSE06,,75.0,36,5 5 2 0 0 0,2x2x1,-41519.391423,-0.0,37.42,True,!!,"HSE06, closest competing magnetic order (spins flipped across the Y layer)"
YBaMnFeO5,D_pbeu_72atom_G_FM_and_spin_flips,materials/YBaMnFeO5/runs/D_pbeu_72atom_G_FM_and_spin_flips/YBMFO110_snap_FM.in,materials/YBaMnFeO5/runs/D_pbeu_72atom_G_FM_and_spin_flips/YBMFO110_snap_FM.out.gz,scf,PBE+U,Mn=4.0;Fe=4.0,75.0,72,2 2 3 0 0 0,,-84046.772143,79.95,80.12,True,!,"72-atom 2x2x1 cell: G-type, ferromagnet, and spin-flip snapshots (one Fe, one Mn, two far, two near spins reversed); scf + nscf"
YBaMnFeO5,D_pbeu_72atom_G_FM_and_spin_flips,materials/YBaMnFeO5/runs/D_pbeu_72atom_G_FM_and_spin_flips/YBMFO110_snap_G.in,materials/YBaMnFeO5/runs/D_pbeu_72atom_G_FM_and_spin_flips/YBMFO110_snap_G.out.gz,scf,PBE+U,Mn=4.0;Fe=4.0,75.0,72,2 2 3 0 0 0,,-84049.968479,-0.0,74.35,True,!,"72-atom 2x2x1 cell: G-type, ferromagnet, and spin-flip snapshots (one Fe, one Mn, two far, two near spins reversed); scf + nscf"
YBaMnFeO5,D_pbeu_72atom_G_FM_and_spin_flips,materials/YBaMnFeO5/runs/D_pbeu_72atom_G_FM_and_spin_flips/YBMFO110_snap_G_nscf.in,materials/YBaMnFeO5/runs/D_pbeu_72atom_G_FM_and_spin_flips/YBMFO110_snap_G_nscf.out,nscf,PBE+U,Mn=4.0;Fe=4.0,75.0,72,3 3 4 0 0 0,,,,,False,,"72-atom 2x2x1 cell: G-type, ferromagnet, and spin-flip snapshots (one Fe, one Mn, two far, two near spins reversed); scf + nscf"
YBaMnFeO5,D_pbeu_72atom_G_FM_and_spin_flips,materials/YBaMnFeO5/runs/D_pbeu_72atom_G_FM_and_spin_flips/YBMFO110_snap_flip2far.in,materials/YBaMnFeO5/runs/D_pbeu_72atom_G_FM_and_spin_flips/YBMFO110_snap_flip2far.out.gz,scf,PBE+U,Mn=4.0;Mn1=4.0;Fe=4.0;Fe1=4.0,75.0,72,2 2 3 0 0 0,,-84049.272319,0.0,75.52,True,!,"72-atom 2x2x1 cell: G-type, ferromagnet, and spin-flip snapshots (one Fe, one Mn, two far, two near spins reversed); scf + nscf"
YBaMnFeO5,D_pbeu_72atom_G_FM_and_spin_flips,materials/YBaMnFeO5/runs/D_pbeu_72atom_G_FM_and_spin_flips/YBMFO110_snap_flip2far_nscf.in,materials/YBaMnFeO5/runs/D_pbeu_72atom_G_FM_and_spin_flips/YBMFO110_snap_flip2far_nscf.out,nscf,PBE+U,Mn=4.0;Mn1=4.0;Fe=4.0;Fe1=4.0,75.0,72,3 3 4 0 0 0,,,,,False,,"72-atom 2x2x1 cell: G-type, ferromagnet, and spin-flip snapshots (one Fe, one Mn, two far, two near spins reversed); scf + nscf"
YBaMnFeO5,D_pbeu_72atom_G_FM_and_spin_flips,materials/YBaMnFeO5/runs/D_pbeu_72atom_G_FM_and_spin_flips/YBMFO110_snap_flip2near.in,materials/YBaMnFeO5/runs/D_pbeu_72atom_G_FM_and_spin_flips/YBMFO110_snap_flip2near.out.gz,scf,PBE+U,Mn=4.0;Mn1=4.0;Fe=4.0;Fe1=4.0,75.0,72,2 2 3 0 0 0,,-84049.550674,-0.0,75.11,True,!,"72-atom 2x2x1 cell: G-type, ferromagnet, and spin-flip snapshots (one Fe, one Mn, two far, two near spins reversed); scf + nscf"
YBaMnFeO5,D_pbeu_72atom_G_FM_and_spin_flips,materials/YBaMnFeO5/runs/D_pbeu_72atom_G_FM_and_spin_flips/YBMFO110_snap_flip2near_nscf.in,materials/YBaMnFeO5/runs/D_pbeu_72atom_G_FM_and_spin_flips/YBMFO110_snap_flip2near_nscf.out,nscf,PBE+U,Mn=4.0;Mn1=4.0;Fe=4.0;Fe1=4.0,75.0,72,3 3 4 0 0 0,,,,,False,,"72-atom 2x2x1 cell: G-type, ferromagnet, and spin-flip snapshots (one Fe, one Mn, two far, two near spins reversed); scf + nscf"
YBaMnFeO5,D_pbeu_72atom_G_FM_and_spin_flips,materials/YBaMnFeO5/runs/D_pbeu_72atom_G_FM_and_spin_flips/YBMFO110_snap_flipFe.in,materials/YBaMnFeO5/runs/D_pbeu_72atom_G_FM_and_spin_flips/YBMFO110_snap_flipFe.out.gz,scf,PBE+U,Mn=4.0;Fe=4.0;Fe1=4.0,75.0,72,2 2 3 0 0 0,,-84049.633548,10.0,74.86,True,!,"72-atom 2x2x1 cell: G-type, ferromagnet, and spin-flip snapshots (one Fe, one Mn, two far, two near spins reversed); scf + nscf"
YBaMnFeO5,D_pbeu_72atom_G_FM_and_spin_flips,materials/YBaMnFeO5/runs/D_pbeu_72atom_G_FM_and_spin_flips/YBMFO110_snap_flipFe_nscf.in,materials/YBaMnFeO5/runs/D_pbeu_72atom_G_FM_and_spin_flips/YBMFO110_snap_flipFe_nscf.out,nscf,PBE+U,Mn=4.0;Fe=4.0;Fe1=4.0,75.0,72,3 3 4 0 0 0,,,,,False,,"72-atom 2x2x1 cell: G-type, ferromagnet, and spin-flip snapshots (one Fe, one Mn, two far, two near spins reversed); scf + nscf"
YBaMnFeO5,D_pbeu_72atom_G_FM_and_spin_flips,materials/YBaMnFeO5/runs/D_pbeu_72atom_G_FM_and_spin_flips/YBMFO110_snap_flipMn.in,materials/YBaMnFeO5/runs/D_pbeu_72atom_G_FM_and_spin_flips/YBMFO110_snap_flipMn.out.gz,scf,PBE+U,Mn=4.0;Mn1=4.0;Fe=4.0,75.0,72,2 2 3 0 0 0,,-84049.606727,-10.0,75.01,True,!,"72-atom 2x2x1 cell: G-type, ferromagnet, and spin-flip snapshots (one Fe, one Mn, two far, two near spins reversed); scf + nscf"
YBaMnFeO5,D_pbeu_72atom_G_FM_and_spin_flips,materials/YBaMnFeO5/runs/D_pbeu_72atom_G_FM_and_spin_flips/YBMFO110_snap_flipMn_nscf.in,materials/YBaMnFeO5/runs/D_pbeu_72atom_G_FM_and_spin_flips/YBMFO110_snap_flipMn_nscf.out,nscf,PBE+U,Mn=4.0;Mn1=4.0;Fe=4.0,75.0,72,3 3 4 0 0 0,,,,,False,,"72-atom 2x2x1 cell: G-type, ferromagnet, and spin-flip snapshots (one Fe, one Mn, two far, two near spins reversed); scf + nscf"
YBaMnFeO5,E_pbeu_antisite_reference,materials/YBaMnFeO5/runs/E_pbeu_antisite_reference/YBMFO_antisite_pristine_FM.in,materials/YBaMnFeO5/runs/E_pbeu_antisite_reference/YBMFO_antisite_pristine_FM.out.gz,scf,PBE+U,Mn=4.0;Fe=4.0,75.0,72,2 2 3 0 0 0,,-84046.210279,79.52,79.68,True,!,72-atom reference cell for the Mn/Fe antisite study (75 Ry)
YBaMnFeO5,E_pbeu_antisite_reference,materials/YBaMnFeO5/runs/E_pbeu_antisite_reference/YBMFO_antisite_pristine_Gsite.in,materials/YBaMnFeO5/runs/E_pbeu_antisite_reference/YBMFO_antisite_pristine_Gsite.out.gz,scf,PBE+U,Mn=4.0;Fe=4.0,75.0,72,2 2 3 0 0 0,,-84049.758326,-0.0,73.93,True,!,72-atom reference cell for the Mn/Fe antisite study (75 Ry)
YBaMnFeO5,E_pbeu_antisite_reference,materials/YBaMnFeO5/runs/E_pbeu_antisite_reference/YBMFO_antisite_pristine_Gsite_nscf.in,materials/YBaMnFeO5/runs/E_pbeu_antisite_reference/YBMFO_antisite_pristine_Gsite_nscf.out.gz,nscf,PBE+U,Mn=4.0;Fe=4.0,75.0,72,4 4 6 0 0 0,,,,,False,,72-atom reference cell for the Mn/Fe antisite study (75 Ry)
YBaMnFeO5,F_pbeu_antisite_pair_nearest,materials/YBaMnFeO5/runs/F_pbeu_antisite_pair_nearest/YBMFO_antisite_swap_NN_FM.in,materials/YBaMnFeO5/runs/F_pbeu_antisite_pair_nearest/YBMFO_antisite_swap_NN_FM.out.gz,scf,PBE+U,Fe=4.0;Mn=4.0,75.0,72,3 3 3 0 0 0,,-84046.122167,77.97,78.45,True,!,"nearest-neighbour Mn/Fe swap (12.5 % of B sites), relaxed; scf + nscf"
YBaMnFeO5,F_pbeu_antisite_pair_nearest,materials/YBaMnFeO5/runs/F_pbeu_antisite_pair_nearest/YBMFO_antisite_swap_NN_Gsite.in,materials/YBaMnFeO5/runs/F_pbeu_antisite_pair_nearest/YBMFO_antisite_swap_NN_Gsite.out.gz,scf,PBE+U,Fe=4.0;Mn=4.0;Fe1=4.0;Mn1=4.0,75.0,72,3 3 3 0 0 0,,-84048.917510,0.0,72.74,True,!,"nearest-neighbour Mn/Fe swap (12.5 % of B sites), relaxed; scf + nscf"
YBaMnFeO5,F_pbeu_antisite_pair_nearest,materials/YBaMnFeO5/runs/F_pbeu_antisite_pair_nearest/YBMFO_antisite_swap_NN_Gsite_nscf.in,materials/YBaMnFeO5/runs/F_pbeu_antisite_pair_nearest/YBMFO_antisite_swap_NN_Gsite_nscf.out.gz,nscf,PBE+U,Fe=4.0;Mn=4.0;Fe1=4.0;Mn1=4.0,75.0,72,4 4 6 0 0 0,,,,,False,,"nearest-neighbour Mn/Fe swap (12.5 % of B sites), relaxed; scf + nscf"
YBaMnFeO5,F_pbeu_antisite_pair_nearest,materials/YBaMnFeO5/runs/F_pbeu_antisite_pair_nearest/YBMFO_antisite_swap_NN_vcrelax.in,materials/YBaMnFeO5/runs/F_pbeu_antisite_pair_nearest/YBMFO_antisite_swap_NN_vcrelax.out.gz,vc-relax,PBE+U,Fe=4.0;Mn=4.0;Fe1=4.0;Mn1=4.0,75.0,72,2 2 3 0 0 0,,-84048.919920,0.0,72.74,True,!,"nearest-neighbour Mn/Fe swap (12.5 % of B sites), relaxed; scf + nscf"
YBaMnFeO5,G_pbeu_antisite_pair_far,materials/YBaMnFeO5/runs/G_pbeu_antisite_pair_far/YBMFO_antisite_swap_far_FM.in,materials/YBaMnFeO5/runs/G_pbeu_antisite_pair_far/YBMFO_antisite_swap_far_FM.out.gz,scf,PBE+U,Fe=4.0;Mn=4.0,75.0,72,2 2 3 0 0 0,,-84045.763840,78.03,78.33,True,!,"far-separated Mn/Fe swap, relaxed; scf + nscf"
YBaMnFeO5,G_pbeu_antisite_pair_far,materials/YBaMnFeO5/runs/G_pbeu_antisite_pair_far/YBMFO_antisite_swap_far_Gsite.in,materials/YBaMnFeO5/runs/G_pbeu_antisite_pair_far/YBMFO_antisite_swap_far_Gsite.out.gz,scf,PBE+U,Fe=4.0;Mn=4.0;Fe1=4.0;Mn1=4.0,75.0,72,2 2 3 0 0 0,,-84049.040096,0.0,73.31,True,!,"far-separated Mn/Fe swap, relaxed; scf + nscf"
YBaMnFeO5,G_pbeu_antisite_pair_far,materials/YBaMnFeO5/runs/G_pbeu_antisite_pair_far/YBMFO_antisite_swap_far_Gsite_nscf.in,materials/YBaMnFeO5/runs/G_pbeu_antisite_pair_far/YBMFO_antisite_swap_far_Gsite_nscf.out.gz,nscf,PBE+U,Fe=4.0;Mn=4.0;Fe1=4.0;Mn1=4.0,75.0,72,4 4 6 0 0 0,,,,,False,,"far-separated Mn/Fe swap, relaxed; scf + nscf"
YBaMnFeO5,G_pbeu_antisite_pair_far,materials/YBaMnFeO5/runs/G_pbeu_antisite_pair_far/YBMFO_antisite_swap_far_vcrelax.in,materials/YBaMnFeO5/runs/G_pbeu_antisite_pair_far/YBMFO_antisite_swap_far_vcrelax.out.gz,vc-relax,PBE+U,Fe=4.0;Mn=4.0;Fe1=4.0;Mn1=4.0,75.0,72,2 2 3 0 0 0,,-84049.040129,0.0,73.31,True,!,"far-separated Mn/Fe swap, relaxed; scf + nscf"
YBaMnFeO5,H_pbeu_stacking_vs_U,materials/YBaMnFeO5/runs/H_pbeu_stacking_vs_U/U00_Baflip/single.in,materials/YBaMnFeO5/runs/H_pbeu_stacking_vs_U/U00_Baflip/single.out,scf,PBE,,90.0,36,4 4 2 0 0 0,,-42036.417320,-0.0,35.05,True,!,"36-atom cell, G vs Y-layer flip vs Ba-layer flip, at U(Mn,Fe) = (0,0) (2,2) (4,4) (6,6) (4,6) (6,4) eV, 90 Ry"
YBaMnFeO5,H_pbeu_stacking_vs_U,materials/YBaMnFeO5/runs/H_pbeu_stacking_vs_U/U00_G/single.in,materials/YBaMnFeO5/runs/H_pbeu_stacking_vs_U/U00_G/single.out,scf,PBE,,90.0,36,4 4 2 0 0 0,,-42037.026287,-0.0,34.21,True,!,"36-atom cell, G vs Y-layer flip vs Ba-layer flip, at U(Mn,Fe) = (0,0) (2,2) (4,4) (6,6) (4,6) (6,4) eV, 90 Ry"
YBaMnFeO5,H_pbeu_stacking_vs_U,materials/YBaMnFeO5/runs/H_pbeu_stacking_vs_U/U00_Yflip/single.in,materials/YBaMnFeO5/runs/H_pbeu_stacking_vs_U/U00_Yflip/single.out,scf,PBE,,90.0,36,4 4 2 0 0 0,,-42036.895336,0.0,34.34,True,!,"36-atom cell, G vs Y-layer flip vs Ba-layer flip, at U(Mn,Fe) = (0,0) (2,2) (4,4) (6,6) (4,6) (6,4) eV, 90 Ry"
YBaMnFeO5,H_pbeu_stacking_vs_U,materials/YBaMnFeO5/runs/H_pbeu_stacking_vs_U/U22_Baflip/single.in,materials/YBaMnFeO5/runs/H_pbeu_stacking_vs_U/U22_Baflip/single.out,scf,PBE+U,Mn=2.0;Mn1=2.0;Fe=2.0;Fe1=2.0,90.0,36,4 4 2 0 0 0,,-42030.495581,-0.0,36.8,True,!,"36-atom cell, G vs Y-layer flip vs Ba-layer flip, at U(Mn,Fe) = (0,0) (2,2) (4,4) (6,6) (4,6) (6,4) eV, 90 Ry"
YBaMnFeO5,H_pbeu_stacking_vs_U,materials/YBaMnFeO5/runs/H_pbeu_stacking_vs_U/U22_G/single.in,materials/YBaMnFeO5/runs/H_pbeu_stacking_vs_U/U22_G/single.out,scf,PBE+U,Mn=2.0;Fe=2.0,90.0,36,4 4 2 0 0 0,,-42030.971037,0.0,36.14,True,!,"36-atom cell, G vs Y-layer flip vs Ba-layer flip, at U(Mn,Fe) = (0,0) (2,2) (4,4) (6,6) (4,6) (6,4) eV, 90 Ry"
YBaMnFeO5,H_pbeu_stacking_vs_U,materials/YBaMnFeO5/runs/H_pbeu_stacking_vs_U/U22_Yflip/single.in,materials/YBaMnFeO5/runs/H_pbeu_stacking_vs_U/U22_Yflip/single.out,scf,PBE+U,Mn=2.0;Mn1=2.0;Fe=2.0;Fe1=2.0,90.0,36,4 4 2 0 0 0,,-42030.877088,-0.0,36.22,True,!,"36-atom cell, G vs Y-layer flip vs Ba-layer flip, at U(Mn,Fe) = (0,0) (2,2) (4,4) (6,6) (4,6) (6,4) eV, 90 Ry"
YBaMnFeO5,H_pbeu_stacking_vs_U,materials/YBaMnFeO5/runs/H_pbeu_stacking_vs_U/U44_Baflip/single.in,materials/YBaMnFeO5/runs/H_pbeu_stacking_vs_U/U44_Baflip/single.out,scf,PBE+U,Mn=4.0;Mn1=4.0;Fe=4.0;Fe1=4.0,90.0,36,4 4 2 0 0 0,,-42025.555437,0.0,37.71,True,!,"36-atom cell, G vs Y-layer flip vs Ba-layer flip, at U(Mn,Fe) = (0,0) (2,2) (4,4) (6,6) (4,6) (6,4) eV, 90 Ry"
YBaMnFeO5,H_pbeu_stacking_vs_U,materials/YBaMnFeO5/runs/H_pbeu_stacking_vs_U/U44_G/single.in,materials/YBaMnFeO5/runs/H_pbeu_stacking_vs_U/U44_G/single.out,scf,PBE+U,Mn=4.0;Fe=4.0,90.0,36,4 4 2 0 0 0,,-42025.921471,0.0,37.18,True,!,"36-atom cell, G vs Y-layer flip vs Ba-layer flip, at U(Mn,Fe) = (0,0) (2,2) (4,4) (6,6) (4,6) (6,4) eV, 90 Ry"
YBaMnFeO5,H_pbeu_stacking_vs_U,materials/YBaMnFeO5/runs/H_pbeu_stacking_vs_U/U44_Yflip/single.in,materials/YBaMnFeO5/runs/H_pbeu_stacking_vs_U/U44_Yflip/single.out,scf,PBE+U,Mn=4.0;Mn1=4.0;Fe=4.0;Fe1=4.0,90.0,36,4 4 2 0 0 0,,-42025.850420,-0.0,37.24,True,!,"36-atom cell, G vs Y-layer flip vs Ba-layer flip, at U(Mn,Fe) = (0,0) (2,2) (4,4) (6,6) (4,6) (6,4) eV, 90 Ry"
YBaMnFeO5,H_pbeu_stacking_vs_U,materials/YBaMnFeO5/runs/H_pbeu_stacking_vs_U/U46_Baflip/single.in,materials/YBaMnFeO5/runs/H_pbeu_stacking_vs_U/U46_Baflip/single.out,scf,PBE+U,Mn=4.0;Mn1=4.0;Fe=6.0;Fe1=6.0,90.0,36,4 4 2 0 0 0,,-42022.647272,-0.0,37.82,True,!,"36-atom cell, G vs Y-layer flip vs Ba-layer flip, at U(Mn,Fe) = (0,0) (2,2) (4,4) (6,6) (4,6) (6,4) eV, 90 Ry"
YBaMnFeO5,H_pbeu_stacking_vs_U,materials/YBaMnFeO5/runs/H_pbeu_stacking_vs_U/U46_G/single.in,materials/YBaMnFeO5/runs/H_pbeu_stacking_vs_U/U46_G/single.out.gz,scf,PBE+U,Mn=4.0;Fe=6.0,90.0,36,4 4 2 0 0 0,,-42022.978568,-0.0,37.29,True,!,"36-atom cell, G vs Y-layer flip vs Ba-layer flip, at U(Mn,Fe) = (0,0) (2,2) (4,4) (6,6) (4,6) (6,4) eV, 90 Ry"
YBaMnFeO5,H_pbeu_stacking_vs_U,materials/YBaMnFeO5/runs/H_pbeu_stacking_vs_U/U46_Yflip/single.in,materials/YBaMnFeO5/runs/H_pbeu_stacking_vs_U/U46_Yflip/single.out.gz,scf,PBE+U,Mn=4.0;Mn1=4.0;Fe=6.0;Fe1=6.0,90.0,36,4 4 2 0 0 0,,-42022.913149,-0.0,37.36,True,!,"36-atom cell, G vs Y-layer flip vs Ba-layer flip, at U(Mn,Fe) = (0,0) (2,2) (4,4) (6,6) (4,6) (6,4) eV, 90 Ry"
YBaMnFeO5,H_pbeu_stacking_vs_U,materials/YBaMnFeO5/runs/H_pbeu_stacking_vs_U/U64_Baflip/single.in,materials/YBaMnFeO5/runs/H_pbeu_stacking_vs_U/U64_Baflip/single.out,scf,PBE+U,Mn=6.0;Mn1=6.0;Fe=4.0;Fe1=4.0,90.0,36,4 4 2 0 0 0,,-42024.172615,0.0,38.17,True,!,"36-atom cell, G vs Y-layer flip vs Ba-layer flip, at U(Mn,Fe) = (0,0) (2,2) (4,4) (6,6) (4,6) (6,4) eV, 90 Ry"
YBaMnFeO5,H_pbeu_stacking_vs_U,materials/YBaMnFeO5/runs/H_pbeu_stacking_vs_U/U64_G/single.in,materials/YBaMnFeO5/runs/H_pbeu_stacking_vs_U/U64_G/single.out,scf,PBE+U,Mn=6.0;Fe=4.0,90.0,36,4 4 2 0 0 0,,-42024.476826,-0.0,37.75,True,!,"36-atom cell, G vs Y-layer flip vs Ba-layer flip, at U(Mn,Fe) = (0,0) (2,2) (4,4) (6,6) (4,6) (6,4) eV, 90 Ry"
YBaMnFeO5,H_pbeu_stacking_vs_U,materials/YBaMnFeO5/runs/H_pbeu_stacking_vs_U/U64_Yflip/single.in,materials/YBaMnFeO5/runs/H_pbeu_stacking_vs_U/U64_Yflip/single.out,scf,PBE+U,Mn=6.0;Mn1=6.0;Fe=4.0;Fe1=4.0,90.0,36,4 4 2 0 0 0,,-42024.416889,-0.0,37.8,True,!,"36-atom cell, G vs Y-layer flip vs Ba-layer flip, at U(Mn,Fe) = (0,0) (2,2) (4,4) (6,6) (4,6) (6,4) eV, 90 Ry"
YBaMnFeO5,H_pbeu_stacking_vs_U,materials/YBaMnFeO5/runs/H_pbeu_stacking_vs_U/U66_Baflip/single.in,materials/YBaMnFeO5/runs/H_pbeu_stacking_vs_U/U66_Baflip/single.out,scf,PBE+U,Mn=6.0;Mn1=6.0;Fe=6.0;Fe1=6.0,90.0,36,4 4 2 0 0 0,,-42021.290358,-0.0,38.25,True,!,"36-atom cell, G vs Y-layer flip vs Ba-layer flip, at U(Mn,Fe) = (0,0) (2,2) (4,4) (6,6) (4,6) (6,4) eV, 90 Ry"
YBaMnFeO5,H_pbeu_stacking_vs_U,materials/YBaMnFeO5/runs/H_pbeu_stacking_vs_U/U66_G/single.in,materials/YBaMnFeO5/runs/H_pbeu_stacking_vs_U/U66_G/single.out,scf,PBE+U,Mn=6.0;Fe=6.0,90.0,36,4 4 2 0 0 0,,-42021.566309,-0.0,37.82,True,!,"36-atom cell, G vs Y-layer flip vs Ba-layer flip, at U(Mn,Fe) = (0,0) (2,2) (4,4) (6,6) (4,6) (6,4) eV, 90 Ry"
YBaMnFeO5,H_pbeu_stacking_vs_U,materials/YBaMnFeO5/runs/H_pbeu_stacking_vs_U/U66_Yflip/single.in,materials/YBaMnFeO5/runs/H_pbeu_stacking_vs_U/U66_Yflip/single.out,scf,PBE+U,Mn=6.0;Mn1=6.0;Fe=6.0;Fe1=6.0,90.0,36,4 4 2 0 0 0,,-42021.510484,-0.0,37.88,True,!,"36-atom cell, G vs Y-layer flip vs Ba-layer flip, at U(Mn,Fe) = (0,0) (2,2) (4,4) (6,6) (4,6) (6,4) eV, 90 Ry"
YBaMnFeO5,I_pbeu_exchange_fit_configs,materials/YBaMnFeO5/runs/I_pbeu_exchange_fit_configs/j110_00/single.in,materials/YBaMnFeO5/runs/I_pbeu_exchange_fit_configs/j110_00/single.out,scf,PBE+U,Mn=4.0;Fe=4.0,90.0,18,4 4 3 0 0 0,,-21012.163682,19.99,20.03,True,!,"24 collinear spin configurations (18- and 36/72-atom cells) used for the exchange fit, U = 4 eV, 90 Ry"
YBaMnFeO5,I_pbeu_exchange_fit_configs,materials/YBaMnFeO5/runs/I_pbeu_exchange_fit_configs/j110_01/single.in,materials/YBaMnFeO5/runs/I_pbeu_exchange_fit_configs/j110_01/single.out,scf,PBE+U,Mn=4.0;Fe=4.0;Fe1=4.0,90.0,18,4 4 3 0 0 0,,-21012.582865,10.0,19.24,True,!,"24 collinear spin configurations (18- and 36/72-atom cells) used for the exchange fit, U = 4 eV, 90 Ry"
YBaMnFeO5,I_pbeu_exchange_fit_configs,materials/YBaMnFeO5/runs/I_pbeu_exchange_fit_configs/j110_02/single.in,materials/YBaMnFeO5/runs/I_pbeu_exchange_fit_configs/j110_02/single.out,scf,PBE+U,Mn=4.0;Fe=4.0;Fe1=4.0,90.0,18,4 4 3 0 0 0,,-21012.582865,10.0,19.24,True,!,"24 collinear spin configurations (18- and 36/72-atom cells) used for the exchange fit, U = 4 eV, 90 Ry"
YBaMnFeO5,I_pbeu_exchange_fit_configs,materials/YBaMnFeO5/runs/I_pbeu_exchange_fit_configs/j110_03/single.in,materials/YBaMnFeO5/runs/I_pbeu_exchange_fit_configs/j110_03/single.out,scf,PBE+U,Mn=4.0;Fe=4.0,90.0,18,4 4 3 0 0 0,,-21012.960782,-0.0,18.59,True,!,"24 collinear spin configurations (18- and 36/72-atom cells) used for the exchange fit, U = 4 eV, 90 Ry"
YBaMnFeO5,I_pbeu_exchange_fit_configs,materials/YBaMnFeO5/runs/I_pbeu_exchange_fit_configs/j110_04/single.in,materials/YBaMnFeO5/runs/I_pbeu_exchange_fit_configs/j110_04/single.out,scf,PBE+U,Mn=4.0;Mn1=4.0;Fe=4.0,90.0,18,4 4 3 0 0 0,,-21012.585533,10.0,19.28,True,!,"24 collinear spin configurations (18- and 36/72-atom cells) used for the exchange fit, U = 4 eV, 90 Ry"
YBaMnFeO5,I_pbeu_exchange_fit_configs,materials/YBaMnFeO5/runs/I_pbeu_exchange_fit_configs/j110_05/single.in,materials/YBaMnFeO5/runs/I_pbeu_exchange_fit_configs/j110_05/single.out,scf,PBE+U,Mn=4.0;Mn1=4.0;Fe=4.0;Fe1=4.0,90.0,18,4 4 3 0 0 0,,-21012.485752,-0.0,19.49,True,!,"24 collinear spin configurations (18- and 36/72-atom cells) used for the exchange fit, U = 4 eV, 90 Ry"
YBaMnFeO5,I_pbeu_exchange_fit_configs,materials/YBaMnFeO5/runs/I_pbeu_exchange_fit_configs/j110_06/single.in,materials/YBaMnFeO5/runs/I_pbeu_exchange_fit_configs/j110_06/single.out,scf,PBE+U,Mn=4.0;Mn1=4.0;Fe=4.0;Fe1=4.0,90.0,18,4 4 3 0 0 0,,-21012.738536,-0.0,18.89,True,!,"24 collinear spin configurations (18- and 36/72-atom cells) used for the exchange fit, U = 4 eV, 90 Ry"
YBaMnFeO5,I_pbeu_exchange_fit_configs,materials/YBaMnFeO5/runs/I_pbeu_exchange_fit_configs/j110_07/single.in,materials/YBaMnFeO5/runs/I_pbeu_exchange_fit_configs/j110_07/single.out,scf,PBE+U,Mn=4.0;Mn1=4.0;Fe=4.0,90.0,18,4 4 3 0 0 0,,-21012.585533,-10.0,19.28,True,!,"24 collinear spin configurations (18- and 36/72-atom cells) used for the exchange fit, U = 4 eV, 90 Ry"
YBaMnFeO5,I_pbeu_exchange_fit_configs,materials/YBaMnFeO5/runs/I_pbeu_exchange_fit_configs/j110_08/single.in,materials/YBaMnFeO5/runs/I_pbeu_exchange_fit_configs/j110_08/single.out,scf,PBE+U,Mn=4.0;Mn1=4.0;Fe=4.0;Fe1=4.0,90.0,36,3 3 3 0 0 0,,-42025.017781,-0.0,38.59,True,!,"24 collinear spin configurations (18- and 36/72-atom cells) used for the exchange fit, U = 4 eV, 90 Ry"
YBaMnFeO5,I_pbeu_exchange_fit_configs,materials/YBaMnFeO5/runs/I_pbeu_exchange_fit_configs/j110_09/single.in,materials/YBaMnFeO5/runs/I_pbeu_exchange_fit_configs/j110_09/single.out,scf,PBE+U,Mn=4.0;Mn1=4.0;Fe=4.0;Fe1=4.0,90.0,36,4 4 2 0 0 0,,-42025.555437,-0.0,37.71,True,!,"24 collinear spin configurations (18- and 36/72-atom cells) used for the exchange fit, U = 4 eV, 90 Ry"
YBaMnFeO5,I_pbeu_exchange_fit_configs,materials/YBaMnFeO5/runs/I_pbeu_exchange_fit_configs/j110_10/single.in,materials/YBaMnFeO5/runs/I_pbeu_exchange_fit_configs/j110_10/single.out,scf,PBE+U,Mn=4.0;Mn1=4.0;Fe=4.0;Fe1=4.0,90.0,36,4 4 2 0 0 0,,-42024.490928,0.0,39.75,True,!,"24 collinear spin configurations (18- and 36/72-atom cells) used for the exchange fit, U = 4 eV, 90 Ry"
YBaMnFeO5,I_pbeu_exchange_fit_configs,materials/YBaMnFeO5/runs/I_pbeu_exchange_fit_configs/j110_11/single.in,materials/YBaMnFeO5/runs/I_pbeu_exchange_fit_configs/j110_11/single.out.gz,scf,PBE+U,Mn=4.0;Mn1=4.0;Fe=4.0;Fe1=4.0,90.0,72,3 3 2 0 0 0,,-84050.990952,0.0,75.74,True,!,"24 collinear spin configurations (18- and 36/72-atom cells) used for the exchange fit, U = 4 eV, 90 Ry"
YBaMnFeO5,I_pbeu_exchange_fit_configs,materials/YBaMnFeO5/runs/I_pbeu_exchange_fit_configs/j110_12/single.in,materials/YBaMnFeO5/runs/I_pbeu_exchange_fit_configs/j110_12/single.out,scf,PBE+U,Mn=4.0;Mn1=4.0;Fe=4.0;Fe1=4.0,90.0,36,4 4 2 0 0 0,,-42024.835013,-0.0,39.21,True,!,"24 collinear spin configurations (18- and 36/72-atom cells) used for the exchange fit, U = 4 eV, 90 Ry"
YBaMnFeO5,I_pbeu_exchange_fit_configs,materials/YBaMnFeO5/runs/I_pbeu_exchange_fit_configs/j110_13/single.in,materials/YBaMnFeO5/runs/I_pbeu_exchange_fit_configs/j110_13/single.out,scf,PBE+U,Mn=4.0;Mn1=4.0;Fe=4.0;Fe1=4.0,90.0,36,4 4 2 0 0 0,,-42025.850420,-0.0,37.24,True,!,"24 collinear spin configurations (18- and 36/72-atom cells) used for the exchange fit, U = 4 eV, 90 Ry"
YBaMnFeO5,I_pbeu_exchange_fit_configs,materials/YBaMnFeO5/runs/I_pbeu_exchange_fit_configs/j110_14/single.in,materials/YBaMnFeO5/runs/I_pbeu_exchange_fit_configs/j110_14/single.out,scf,PBE+U,Mn=4.0;Fe=4.0,90.0,36,2 4 3 0 0 0,,-42025.921554,0.0,37.18,True,!,"24 collinear spin configurations (18- and 36/72-atom cells) used for the exchange fit, U = 4 eV, 90 Ry"
YBaMnFeO5,I_pbeu_exchange_fit_configs,materials/YBaMnFeO5/runs/I_pbeu_exchange_fit_configs/j110_15/single.in,materials/YBaMnFeO5/runs/I_pbeu_exchange_fit_configs/j110_15/single.out,scf,PBE+U,Mn=4.0;Mn1=4.0;Fe=4.0;Fe1=4.0,90.0,36,2 4 3 0 0 0,,-42024.971496,-0.0,38.98,True,!,"24 collinear spin configurations (18- and 36/72-atom cells) used for the exchange fit, U = 4 eV, 90 Ry"
YBaMnFeO5,I_pbeu_exchange_fit_configs,materials/YBaMnFeO5/runs/I_pbeu_exchange_fit_configs/j110_16/single.in,materials/YBaMnFeO5/runs/I_pbeu_exchange_fit_configs/j110_16/single.out,scf,PBE+U,Mn=4.0;Fe=4.0,90.0,36,2 4 3 0 0 0,,-42024.327356,39.98,40.06,True,!,"24 collinear spin configurations (18- and 36/72-atom cells) used for the exchange fit, U = 4 eV, 90 Ry"
YBaMnFeO5,I_pbeu_exchange_fit_configs,materials/YBaMnFeO5/runs/I_pbeu_exchange_fit_configs/j110_17/single.in,materials/YBaMnFeO5/runs/I_pbeu_exchange_fit_configs/j110_17/single.out,scf,PBE+U,Mn=4.0;Mn1=4.0;Fe=4.0;Fe1=4.0,90.0,36,2 4 3 0 0 0,,-42025.477064,0.0,37.78,True,!,"24 collinear spin configurations (18- and 36/72-atom cells) used for the exchange fit, U = 4 eV, 90 Ry"
YBaMnFeO5,I_pbeu_exchange_fit_configs,materials/YBaMnFeO5/runs/I_pbeu_exchange_fit_configs/j110_18/single.in,materials/YBaMnFeO5/runs/I_pbeu_exchange_fit_configs/j110_18/single.out.gz,scf,PBE+U,Mn=4.0;Mn1=4.0;Fe=4.0;Fe1=4.0,90.0,36,3 3 3 0 0 0,,-42025.542891,0.0,37.81,True,!,"24 collinear spin configurations (18- and 36/72-atom cells) used for the exchange fit, U = 4 eV, 90 Ry"
YBaMnFeO5,I_pbeu_exchange_fit_configs,materials/YBaMnFeO5/runs/I_pbeu_exchange_fit_configs/j110_19/single.in,materials/YBaMnFeO5/runs/I_pbeu_exchange_fit_configs/j110_19/single.out,scf,PBE+U,Mn=4.0;Mn1=4.0;Fe=4.0;Fe1=4.0,90.0,36,3 3 3 0 0 0,,-42025.017781,-0.0,38.59,True,!,"24 collinear spin configurations (18- and 36/72-atom cells) used for the exchange fit, U = 4 eV, 90 Ry"
YBaMnFeO5,I_pbeu_exchange_fit_configs,materials/YBaMnFeO5/runs/I_pbeu_exchange_fit_configs/j110_20/single.in,materials/YBaMnFeO5/runs/I_pbeu_exchange_fit_configs/j110_20/single.out,scf,PBE+U,Mn=4.0;Fe=4.0,90.0,36,4 2 3 0 0 0,,-42025.921554,-0.0,37.18,True,!,"24 collinear spin configurations (18- and 36/72-atom cells) used for the exchange fit, U = 4 eV, 90 Ry"
YBaMnFeO5,I_pbeu_exchange_fit_configs,materials/YBaMnFeO5/runs/I_pbeu_exchange_fit_configs/j110_21/single.in,materials/YBaMnFeO5/runs/I_pbeu_exchange_fit_configs/j110_21/single.out,scf,PBE+U,Mn=4.0;Mn1=4.0;Fe=4.0;Fe1=4.0,90.0,36,4 2 3 0 0 0,,-42024.971496,0.0,38.98,True,!,"24 collinear spin configurations (18- and 36/72-atom cells) used for the exchange fit, U = 4 eV, 90 Ry"
YBaMnFeO5,I_pbeu_exchange_fit_configs,materials/YBaMnFeO5/runs/I_pbeu_exchange_fit_configs/j110_22/single.in,materials/YBaMnFeO5/runs/I_pbeu_exchange_fit_configs/j110_22/single.out,scf,PBE+U,Mn=4.0;Fe=4.0,90.0,36,4 2 3 0 0 0,,-42024.327355,39.98,40.06,True,!,"24 collinear spin configurations (18- and 36/72-atom cells) used for the exchange fit, U = 4 eV, 90 Ry"
YBaMnFeO5,I_pbeu_exchange_fit_configs,materials/YBaMnFeO5/runs/I_pbeu_exchange_fit_configs/j110_23/single.in,materials/YBaMnFeO5/runs/I_pbeu_exchange_fit_configs/j110_23/single.out,scf,PBE+U,Mn=4.0;Mn1=4.0;Fe=4.0;Fe1=4.0,90.0,36,4 2 3 0 0 0,,-42025.477064,-0.0,37.78,True,!,"24 collinear spin configurations (18- and 36/72-atom cells) used for the exchange fit, U = 4 eV, 90 Ry"
